g1.t1	g1.t1	100	57	0	0	1	57	1	57	1.71e-39	124
g1.t1	g71553.t1	100	57	0	0	1	57	1	57	1.71e-39	124
g1.t1	g182843.t1	96.5	57	2	0	1	57	1	57	3.80e-37	119
g1.t1	g208444.t1	96.3	54	2	0	4	57	1	54	1.90e-35	116
g1.t1	g137127.t1	89.5	57	6	0	1	57	1	57	3.27e-33	113
g1.t1	g122763.t1	87.7	57	7	0	1	57	1	57	4.53e-33	108
g1.t1	g80220.t1	87.7	57	7	0	1	57	1	57	5.46e-33	108
g1.t1	g102887.t1	94.3	53	3	0	5	57	1	53	1.23e-32	110
g1.t1	g218380.t1	87.7	57	7	0	1	57	1	57	2.34e-32	107
g1.t1	g71924.t1	87.7	57	7	0	1	57	1	57	1.15e-31	105
g1.t1	g28111.t1	86.0	57	8	0	1	57	1	57	5.56e-31	103
g1.t1	g154089.t1	87.7	57	7	0	1	57	1	57	6.51e-31	103
g1.t1	g77739.t1	86.0	57	8	0	1	57	1	57	1.03e-30	106
g1.t1	g91771.t1	87.7	57	7	0	1	57	1	57	1.24e-30	103
g1.t1	g168165.t1	82.5	57	10	0	1	57	1	57	1.45e-30	103
g1.t1	g213246.t1	85.7	56	8	0	1	56	1	56	2.41e-30	101
g1.t1	g71302.t1	86.0	57	8	0	1	57	1	57	2.89e-30	102
g1.t1	g69509.t1	85.2	54	8	0	1	54	1	54	3.27e-30	101
g1.t1	g133436.t1	84.2	57	9	0	1	57	1	57	4.35e-30	103
g1.t1	g226368.t1	84.2	57	9	0	1	57	1	57	7.03e-30	103
g1.t1	g252215.t1	84.2	57	9	0	1	57	1	57	8.07e-30	100
g1.t1	g174281.t1	84.2	57	9	0	1	57	1	57	8.37e-30	101
g1.t1	g21206.t1	82.5	57	10	0	1	57	1	57	8.52e-30	101
g1.t1	g152841.t1	83.1	59	8	1	1	57	1	59	9.02e-30	101
g1.t1	g54475.t1	84.2	57	9	0	1	57	1	57	1.31e-29	100
g1.t1	g58277.t1	84.2	57	9	0	1	57	1	57	1.67e-29	100
g1.t1	g51342.t1	84.7	59	7	1	1	57	1	59	1.73e-29	103
g1.t1	g250793.t1	83.9	56	9	0	1	56	1	56	1.99e-29	99.4
g1.t1	g4.t1	95.8	48	2	0	1	48	1	48	2.34e-29	99.0
g1.t1	g62702.t1	82.5	57	10	0	1	57	1	57	2.98e-29	101
g1.t1	g227943.t1	84.2	57	9	0	1	57	1	57	4.33e-29	99.4
g1.t1	g250420.t1	84.7	59	7	1	1	57	1	59	5.45e-29	100
g1.t1	g231064.t1	84.2	57	7	1	3	57	1	57	6.99e-29	99.4
g1.t1	g233261.t1	93.8	48	3	0	1	48	1	48	9.54e-29	97.4
g1.t1	g166221.t1	82.5	57	10	0	1	57	1	57	9.77e-29	98.6
g1.t1	g238117.t1	84.7	59	7	1	1	57	1	59	1.01e-28	99.4
g1.t1	g3068.t1	85.2	54	8	0	1	54	1	54	1.10e-28	97.4
g1.t1	g91858.t1	82.1	56	10	0	1	56	1	56	1.15e-28	97.4
g1.t1	g106456.t1	82.5	57	10	0	1	57	1	57	1.31e-28	98.2
g1.t1	g179554.t1	82.5	57	10	0	1	57	1	57	2.80e-28	97.4
g1.t1	g67842.t1	83.1	59	8	1	1	57	1	59	2.85e-28	97.1
g1.t1	g3577.t1	82.1	56	10	0	1	56	1	56	3.46e-28	99.0
g1.t1	g26703.t1	86.0	57	8	0	1	57	1	57	3.79e-28	103
g1.t1	g50522.t1	80.7	57	11	0	1	57	1	57	5.20e-28	97.4
g1.t1	g250792.t1	82.5	57	10	0	1	57	1	57	5.42e-28	97.1
g1.t1	g162556.t1	80.7	57	11	0	1	57	63	119	7.68e-28	98.6
g1.t1	g175562.t1	80.7	57	11	0	1	57	1	57	1.02e-27	96.7
g1.t1	g21566.t1	83.9	56	9	0	1	56	1	56	1.37e-27	95.5
g1.t1	g95700.t1	80.0	55	11	0	1	55	1	55	1.87e-27	94.4
g1.t1	g126742.t1	79.7	59	10	1	1	57	1	59	2.29e-27	94.4
g1.t1	g130333.t1	78.7	61	9	1	1	57	1	61	2.35e-27	94.4
g1.t1	g151719.t1	82.5	57	10	0	1	57	1	57	2.60e-27	99.0
g1.t1	g148514.t1	80.7	57	11	0	1	57	17	73	3.52e-27	94.4
g1.t1	g14011.t1	81.4	59	9	1	1	57	1	59	3.62e-27	94.0
g1.t1	g106899.t1	78.6	56	12	0	1	56	1	56	3.98e-27	93.6
g1.t1	g242462.t1	80.7	57	11	0	1	57	1	57	4.07e-27	102
g1.t1	g224115.t1	82.1	56	10	0	1	56	1	56	4.83e-27	94.7
g1.t1	g231063.t1	82.5	57	8	1	3	57	1	57	5.28e-27	94.0
g1.t1	g67317.t1	84.7	59	7	1	1	57	1	59	6.00e-27	98.6
g1.t1	g244858.t1	80.7	57	9	1	1	57	1	55	6.37e-27	93.6
g1.t1	g168156.t1	81.4	59	9	1	1	57	2	60	7.17e-27	94.0
g1.t1	g138038.t1	79.7	59	10	1	1	57	1	59	8.35e-27	93.2
g1.t1	g225775.t1	79.7	59	10	1	1	57	1	59	9.56e-27	93.2
g1.t1	g48970.t1	81.0	58	9	1	1	56	1	58	1.17e-26	92.4
g1.t1	g21547.t1	78.7	61	9	1	1	57	1	61	1.49e-26	93.2
g1.t1	g231182.t1	81.5	54	10	0	1	54	1	54	1.51e-26	92.0
g1.t1	g79478.t1	85.7	49	7	0	9	57	1	49	1.62e-26	93.2
g1.t1	g213902.t1	82.5	57	8	1	1	57	1	55	1.89e-26	92.0
g1.t1	g197827.t1	78.9	57	12	0	1	57	1	57	2.09e-26	92.4
g1.t1	g201148.t1	84.9	53	8	0	3	55	1	53	2.19e-26	98.6
g1.t1	g53791.t1	76.8	56	13	0	1	56	1	56	2.29e-26	92.8
g1.t1	g11370.t1	75.4	57	14	0	1	57	1	57	2.67e-26	92.0
g1.t1	g111907.t1	82.5	57	10	0	1	57	1	57	2.91e-26	99.0
g1.t1	g211849.t1	81.8	55	10	0	1	55	1	55	3.89e-26	94.7
g1.t1	g35761.t1	80.4	56	11	0	1	56	1	56	4.80e-26	92.4
g1.t1	g156112.t1	78.0	59	11	1	1	57	1	59	5.32e-26	92.0
g1.t1	g126786.t1	78.0	59	11	1	1	57	1	59	5.42e-26	90.9
g1.t1	g77745.t1	86.8	53	7	0	1	53	1	53	7.70e-26	98.2
g1.t1	g104992.t1	83.1	59	8	1	1	57	2	60	8.60e-26	98.6
g1.t1	g90759.t1	80.4	56	11	0	1	56	1	56	9.77e-26	93.6
g2.t1	g2.t1	100	88	0	0	1	88	1	88	1.12e-60	180
g2.t1	g15246.t1	97.7	88	2	0	1	88	4	91	4.04e-58	174
g2.t1	g218312.t1	97.7	88	2	0	1	88	4	91	4.88e-58	174
g2.t1	g87147.t1	96.6	88	3	0	1	88	4	91	1.03e-57	173
g2.t1	g5987.t1	96.6	88	3	0	1	88	68	155	2.38e-57	175
g2.t1	g168349.t1	96.6	88	3	0	1	88	4	91	3.03e-57	172
g2.t1	g25739.t1	96.6	88	3	0	1	88	74	161	7.52e-57	173
g2.t1	g237883.t1	95.5	88	4	0	1	88	39	126	9.78e-57	172
g2.t1	g185297.t1	96.6	88	3	0	1	88	43	130	1.00e-56	173
g2.t1	g76603.t1	97.7	88	2	0	1	88	139	226	1.21e-56	175
g2.t1	g126266.t1	96.6	88	3	0	1	88	74	161	1.72e-56	172
g2.t1	g24685.t1	95.5	88	4	0	1	88	43	130	3.58e-56	173
g2.t1	g142080.t1	95.5	88	4	0	1	88	4	91	3.80e-56	169
g2.t1	g147995.t1	94.3	88	5	0	1	88	11	98	5.52e-56	169
g2.t1	g105829.t1	93.2	88	6	0	1	88	4	91	1.58e-55	168
g2.t1	g5409.t1	95.4	87	4	0	2	88	29	115	1.68e-55	168
g2.t1	g15777.t1	93.2	88	6	0	1	88	4	91	4.36e-55	167
g2.t1	g12210.t1	95.5	88	4	0	1	88	74	161	6.52e-55	168
g2.t1	g22616.t1	96.6	88	3	0	1	88	160	247	8.85e-55	174
g2.t1	g16428.t1	94.3	88	5	0	1	88	4	91	9.01e-55	170
g2.t1	g88330.t1	93.2	88	6	0	1	88	37	124	1.33e-54	169
g2.t1	g64143.t1	95.5	88	4	0	1	88	139	226	1.97e-54	170
g2.t1	g68865.t1	93.2	88	6	0	1	88	4	91	1.97e-54	165
g2.t1	g25757.t1	97.6	82	2	0	7	88	1	82	2.02e-54	164
g2.t1	g32411.t1	95.5	88	4	0	1	88	139	226	2.17e-54	173
g2.t1	g192247.t1	95.5	88	4	0	1	88	231	318	3.75e-54	171
g2.t1	g25829.t1	92.0	88	7	0	1	88	66	153	4.11e-54	167
g2.t1	g127759.t1	90.8	87	8	0	2	88	7	93	9.09e-54	164
g2.t1	g16430.t1	93.1	87	6	0	1	87	4	90	1.41e-53	164
g2.t1	g170148.t1	93.2	88	6	0	1	88	56	143	1.75e-53	164
g2.t1	g47646.t1	94.3	88	5	0	1	88	201	288	2.94e-53	169
g2.t1	g99000.t1	93.1	87	6	0	1	87	30	116	3.84e-53	166
g2.t1	g123701.t1	96.3	82	3	0	7	88	1	82	9.18e-53	160
g2.t1	g71889.t1	89.8	88	9	0	1	88	82	169	1.24e-52	163
g2.t1	g96905.t1	96.6	88	3	0	1	88	338	425	1.46e-52	172
g2.t1	g152264.t1	90.9	88	8	0	1	88	4	91	1.55e-52	162
g2.t1	g77622.t1	93.2	88	6	0	1	88	73	160	1.62e-52	168
g2.t1	g150602.t1	93.2	88	6	0	1	88	134	221	1.71e-52	167
g2.t1	g125771.t1	94.0	84	5	0	1	84	37	120	2.59e-52	160
g2.t1	g91285.t1	89.8	88	9	0	1	88	37	124	2.73e-52	165
g2.t1	g82958.t1	90.9	88	8	0	1	88	108	195	3.68e-52	163
g2.t1	g70467.t1	93.2	88	6	0	1	88	130	217	6.11e-52	164
g2.t1	g157995.t1	93.1	87	6	0	2	88	1	87	1.20e-51	165
g2.t1	g96923.t1	93.2	88	6	0	1	88	423	510	5.13e-51	168
g2.t1	g131960.t1	85.2	88	13	0	1	88	4	91	3.49e-50	154
g2.t1	g172415.t1	95.0	80	4	0	1	80	63	142	4.92e-50	155
g2.t1	g102375.t1	96.3	80	3	0	1	80	139	218	8.52e-50	157
g2.t1	g26737.t1	94.3	88	5	0	1	88	289	376	9.18e-50	168
g2.t1	g190713.t1	97.4	76	2	0	13	88	1	76	1.59e-49	152
g2.t1	g43473.t1	97.4	76	2	0	13	88	1	76	1.63e-49	152
g2.t1	g191356.t1	92.0	87	7	0	1	87	256	342	1.87e-49	161
g2.t1	g164903.t1	97.4	76	2	0	13	88	1	76	3.19e-49	151
g2.t1	g108818.t1	89.8	88	9	0	1	88	88	175	6.24e-49	161
g2.t1	g186185.t1	97.4	76	2	0	13	88	1	76	1.25e-48	151
g2.t1	g110194.t1	96.1	76	3	0	13	88	1	76	1.38e-48	149
g2.t1	g222613.t1	94.3	87	5	0	1	87	290	376	1.81e-48	164
g2.t1	g163199.t1	80.7	88	17	0	1	88	137	224	1.96e-48	155
g2.t1	g90906.t1	85.2	88	13	0	1	88	37	124	2.30e-48	157
g2.t1	g11057.t1	86.4	88	12	0	1	88	139	226	2.47e-48	159
g2.t1	g61448.t1	96.1	76	3	0	13	88	1	76	2.80e-48	150
g2.t1	g22257.t1	97.3	75	2	0	1	75	4	78	5.46e-48	148
g2.t1	g102736.t1	90.9	88	8	0	1	88	367	454	6.63e-48	160
g2.t1	g137996.t1	85.1	87	13	0	1	87	4	90	1.76e-47	152
g2.t1	g156187.t1	98.6	73	1	0	16	88	15	87	2.06e-47	147
g2.t1	g51586.t1	85.2	88	13	0	1	88	40	127	2.51e-47	149
g2.t1	g191706.t1	89.8	88	9	0	1	88	147	234	3.10e-47	158
g2.t1	g179139.t1	93.5	77	5	0	12	88	1	77	4.29e-47	146
g2.t1	g248051.t1	97.3	75	2	0	13	87	1	75	4.69e-47	148
g2.t1	g27256.t1	94.7	76	4	0	13	88	1	76	1.01e-46	146
g2.t1	g7221.t1	92.0	87	7	0	2	88	175	261	1.29e-46	159
g2.t1	g222310.t1	93.4	76	5	0	13	88	1	76	3.49e-46	145
g2.t1	g153394.t1	92.1	76	6	0	13	88	1	76	3.95e-46	145
g2.t1	g133905.t1	82.8	87	15	0	2	88	512	598	8.01e-46	157
g2.t1	g57181.t1	83.9	87	14	0	1	87	37	123	1.57e-45	148
g2.t1	g44806.t1	98.6	71	1	0	1	71	4	74	2.71e-45	141
g2.t1	g31221.t1	93.4	76	5	0	13	88	1	76	2.89e-45	146
g2.t1	g79663.t1	93.3	75	5	0	14	88	24	98	3.04e-45	143
g2.t1	g51747.t1	92.1	76	6	0	13	88	1	76	3.71e-45	142
g2.t1	g81881.t1	92.1	76	6	0	13	88	1	76	3.73e-45	145
g2.t1	g231595.t1	86.6	82	11	0	1	82	4	85	6.11e-45	145
g2.t1	g105451.t1	85.2	88	13	0	1	88	137	224	1.46e-44	153
g2.t1	g67673.t1	92.1	76	6	0	13	88	1	76	1.60e-44	142
g2.t1	g109799.t1	80.5	87	17	0	1	87	28	114	1.60e-44	141
g2.t1	g139810.t1	94.7	75	4	0	2	76	64	138	1.87e-44	141
g2.t1	g53883.t1	92.1	76	6	0	13	88	1	76	2.45e-44	141
g2.t1	g159621.t1	93.4	76	5	0	13	88	1	76	2.99e-44	142
g2.t1	g236874.t1	81.8	88	16	0	1	88	37	124	4.69e-44	151
g2.t1	g109293.t1	85.1	87	13	0	1	87	370	456	5.00e-44	152
g2.t1	g125632.t1	78.8	85	18	0	1	85	4	88	5.34e-44	139
g2.t1	g243151.t1	97.2	72	2	0	1	72	106	177	6.02e-44	141
g2.t1	g42379.t1	84.1	88	14	0	1	88	74	161	7.89e-44	149
g2.t1	g100032.t1	86.2	87	12	0	2	88	493	579	9.03e-44	151
g2.t1	g92152.t1	80.7	88	17	0	1	88	326	413	1.27e-43	151
g2.t1	g147192.t1	97.2	71	2	0	18	88	1	71	1.48e-43	140
g2.t1	g133881.t1	82.8	87	15	0	1	87	630	716	1.74e-43	150
g2.t1	g127709.t1	93.4	76	5	0	13	88	1	76	1.90e-43	145
g2.t1	g9623.t1	86.1	79	11	0	7	85	1	79	5.14e-43	138
g2.t1	g72875.t1	75.9	87	21	0	1	87	115	201	5.46e-43	139
g2.t1	g7393.t1	83.0	88	15	0	1	88	291	378	7.46e-43	147
g2.t1	g51713.t1	76.5	85	20	0	1	85	130	214	1.02e-42	139
g3.t1	g3.t1	100	66	0	0	1	66	1	66	1.44e-44	138
g3.t1	g201820.t1	92.2	51	4	0	1	51	5	55	3.43e-29	100
g3.t1	g2914.t1	90.2	51	5	0	2	52	1	51	1.17e-28	98.2
g4.t1	g4.t1	100	48	0	0	1	48	1	48	1.59e-29	99.0
g4.t1	g233261.t1	97.9	48	1	0	1	48	1	48	6.48e-29	97.4
g4.t1	g1.t1	95.8	48	2	0	1	48	1	48	1.62e-28	96.7
g4.t1	g71553.t1	95.8	48	2	0	1	48	1	48	1.62e-28	96.7
g4.t1	g182843.t1	93.8	48	3	0	1	48	1	48	6.15e-27	93.2
g4.t1	g208444.t1	100	45	0	0	4	48	1	45	1.76e-26	93.2
g5.t1	g5.t1	100	136	0	0	1	136	1	136	1.60e-62	189
g6.t1	g6.t1	100	158	0	0	1	158	1	158	1.79e-115	324
g6.t1	g187148.t1	93.5	155	10	0	4	158	1	155	6.34e-103	293
g6.t1	g238690.t1	93.7	158	10	0	1	158	2	159	6.48e-103	293
g6.t1	g139930.t1	92.4	158	12	0	1	158	36	193	5.95e-102	295
g6.t1	g223307.t1	93.0	158	11	0	1	158	4	161	1.30e-101	291
g6.t1	g209286.t1	92.3	156	12	0	1	156	17	172	2.18e-101	289
g6.t1	g43254.t1	92.2	154	12	0	5	158	1	154	6.98e-101	288
g6.t1	g201810.t1	90.5	158	15	0	1	158	33	190	7.97e-100	286
g6.t1	g78791.t1	90.5	158	15	0	1	158	91	248	3.00e-99	287
g6.t1	g22706.t1	88.6	158	18	0	1	158	35	192	3.41e-99	285
g6.t1	g3729.t1	88.6	158	18	0	1	158	41	198	1.84e-98	283
g6.t1	g9523.t1	88.0	158	19	0	1	158	5	162	4.26e-98	281
g6.t1	g109206.t1	88.0	158	19	0	1	158	38	195	4.92e-98	282
g6.t1	g190648.t1	89.2	158	17	0	1	158	58	215	1.49e-97	281
g6.t1	g158703.t1	92.7	151	11	0	1	151	8	158	2.50e-97	278
g6.t1	g70171.t1	88.0	158	19	0	1	158	42	199	5.54e-97	280
g6.t1	g107532.t1	88.6	158	18	0	1	158	35	192	6.26e-97	279
g6.t1	g205536.t1	89.2	158	17	0	1	158	5	162	1.72e-96	279
g6.t1	g52238.t1	87.3	158	20	0	1	158	41	198	3.66e-96	278
g6.t1	g191468.t1	89.1	156	17	0	1	156	26	181	4.52e-96	276
g6.t1	g5305.t1	93.8	145	9	0	4	148	1	145	6.38e-96	275
g6.t1	g109532.t1	88.0	158	19	0	1	158	15	172	1.76e-95	275
g6.t1	g50881.t1	88.0	158	19	0	1	158	107	264	3.00e-95	279
g6.t1	g138160.t1	87.3	158	20	0	1	158	8	165	3.40e-95	275
g6.t1	g226473.t1	89.3	149	16	0	10	158	2	150	4.68e-95	273
g6.t1	g226466.t1	85.4	158	23	0	1	158	25	182	4.87e-95	274
g6.t1	g117898.t1	88.6	158	18	0	1	158	94	251	4.99e-95	277
g6.t1	g194639.t1	89.0	155	17	0	4	158	1	155	8.21e-95	275
g6.t1	g219177.t1	90.5	148	14	0	11	158	1	148	9.04e-95	272
g6.t1	g19052.t1	86.7	158	21	0	1	158	18	175	9.08e-95	275
g6.t1	g53694.t1	91.9	148	12	0	11	158	1	148	9.09e-95	273
g6.t1	g253651.t1	86.7	158	21	0	1	158	69	226	9.10e-95	276
g6.t1	g53685.t1	88.0	158	19	0	1	158	34	191	1.36e-94	275
g6.t1	g27147.t1	86.7	158	21	0	1	158	41	198	1.41e-94	273
g6.t1	g128239.t1	89.9	158	16	0	1	158	238	395	3.43e-94	281
g6.t1	g81158.t1	91.0	145	13	0	14	158	1	145	5.91e-94	270
g6.t1	g223316.t1	93.8	144	9	0	5	148	1	144	1.01e-93	269
g6.t1	g240353.t1	86.7	158	19	1	1	158	76	231	1.02e-93	273
g6.t1	g65684.t1	86.1	158	22	0	1	158	24	181	1.18e-93	271
g6.t1	g115816.t1	85.4	157	23	0	2	158	63	219	1.63e-93	271
g6.t1	g52875.t1	88.0	158	18	1	1	158	44	200	2.20e-93	273
g6.t1	g83880.t1	84.8	158	24	0	1	158	19	176	2.21e-93	270
g6.t1	g178570.t1	86.1	158	22	0	1	158	85	242	2.40e-93	271
g6.t1	g81134.t1	91.3	149	13	0	1	149	36	184	2.77e-93	269
g6.t1	g204418.t1	84.8	158	24	0	1	158	65	222	3.18e-93	271
g6.t1	g226313.t1	89.0	154	17	0	1	154	41	194	3.89e-93	269
g6.t1	g13821.t1	86.1	158	22	0	1	158	8	165	4.29e-93	268
g6.t1	g203619.t1	91.9	148	12	0	1	148	28	175	5.83e-93	268
g6.t1	g145793.t1	87.3	158	20	0	1	158	21	178	7.58e-93	268
g6.t1	g224160.t1	84.7	157	24	0	1	157	41	197	9.45e-93	273
g6.t1	g11142.t1	83.5	158	26	0	1	158	1	158	1.25e-92	268
g6.t1	g102680.t1	84.8	158	24	0	1	158	15	172	1.51e-92	267
g6.t1	g44780.t1	84.2	158	25	0	1	158	24	181	1.69e-92	268
g6.t1	g57311.t1	91.7	144	12	0	15	158	1	144	2.51e-92	266
g6.t1	g58267.t1	86.1	158	22	0	1	158	35	192	2.95e-92	271
g6.t1	g195718.t1	85.4	158	23	0	1	158	25	182	3.01e-92	266
g6.t1	g231735.t1	89.7	145	15	0	14	158	1	145	3.56e-92	265
g6.t1	g254638.t1	86.5	156	21	0	1	156	66	221	5.60e-92	267
g6.t1	g2375.t1	86.6	149	20	0	10	158	2	150	5.86e-92	265
g6.t1	g174304.t1	93.0	143	10	0	1	143	41	183	6.29e-92	266
g6.t1	g251169.t1	85.3	156	23	0	1	156	18	173	6.35e-92	265
g6.t1	g204639.t1	90.3	144	14	0	15	158	1	144	7.03e-92	264
g6.t1	g41992.t1	82.9	158	27	0	1	158	35	192	7.53e-92	266
g6.t1	g235262.t1	86.1	158	22	0	1	158	46	203	7.70e-92	268
g6.t1	g45497.t1	86.7	158	21	0	1	158	140	297	7.80e-92	274
g6.t1	g116076.t1	91.5	141	12	0	18	158	1	141	8.05e-92	264
g6.t1	g1653.t1	89.7	145	15	0	14	158	2	146	8.62e-92	264
g6.t1	g82388.t1	86.7	158	21	0	1	158	15	172	9.23e-92	268
g6.t1	g48371.t1	89.3	150	16	0	1	150	25	174	9.34e-92	265
g6.t1	g231004.t1	83.5	158	26	0	1	158	26	183	1.07e-91	266
g6.t1	g156224.t1	85.4	158	23	0	1	158	4	161	1.25e-91	264
g6.t1	g137843.t1	84.8	158	24	0	1	158	8	165	1.54e-91	269
g6.t1	g179633.t1	84.2	158	25	0	1	158	41	198	1.77e-91	267
g6.t1	g219082.t1	87.9	149	18	0	10	158	1	149	2.04e-91	264
g6.t1	g85480.t1	85.4	158	23	0	1	158	81	238	2.09e-91	267
g6.t1	g45070.t1	94.9	136	7	0	22	157	1	136	2.11e-91	263
g6.t1	g169012.t1	85.4	158	23	0	1	158	41	198	4.22e-91	265
g6.t1	g54485.t1	88.2	152	18	0	1	152	68	219	4.28e-91	265
g6.t1	g174300.t1	91.6	143	12	0	1	143	37	179	4.50e-91	263
g6.t1	g53808.t1	85.3	156	23	0	3	158	43	198	4.81e-91	265
g6.t1	g2408.t1	84.2	158	25	0	1	158	27	184	5.39e-91	264
g6.t1	g196563.t1	88.0	150	18	0	1	150	18	167	8.58e-91	262
g6.t1	g211223.t1	82.9	158	27	0	1	158	3	160	9.61e-91	262
g6.t1	g39128.t1	84.2	158	25	0	1	158	41	198	9.82e-91	263
g6.t1	g253695.t1	84.2	158	25	0	1	158	41	198	1.22e-90	263
g6.t1	g153755.t1	82.9	158	27	0	1	158	70	227	1.28e-90	266
g6.t1	g142153.t1	87.9	149	18	0	10	158	2	150	1.48e-90	261
g6.t1	g3777.t1	84.8	158	24	0	1	158	8	165	1.49e-90	268
g6.t1	g150185.t1	84.2	158	25	0	1	158	94	251	1.57e-90	267
g6.t1	g58361.t1	82.9	158	27	0	1	158	41	198	1.57e-90	263
g6.t1	g180531.t1	84.8	158	24	0	1	158	85	242	1.83e-90	268
g6.t1	g61695.t1	86.6	149	20	0	10	158	2	150	1.87e-90	261
g6.t1	g230627.t1	88.3	145	17	0	14	158	1	145	1.94e-90	261
g6.t1	g133286.t1	86.1	158	22	0	1	158	209	366	2.26e-90	271
g6.t1	g220460.t1	85.9	156	22	0	3	158	76	231	2.37e-90	270
g6.t1	g80023.t1	85.2	155	23	0	1	155	75	229	2.43e-90	263
g6.t1	g251896.t1	86.6	149	20	0	10	158	2	150	2.46e-90	261
g6.t1	g89649.t1	84.2	158	25	0	1	158	114	271	2.49e-90	265
g6.t1	g117894.t1	85.4	158	23	0	1	158	20	177	2.54e-90	262
g6.t1	g102749.t1	84.8	158	24	0	1	158	84	241	2.64e-90	264
g7.t1	g7.t1	100	109	0	0	1	109	1	109	1.72e-76	222
g7.t1	g215016.t1	61.8	89	17	2	21	109	1	72	2.29e-26	94.4
g8.t1	g8.t1	100	82	0	0	1	82	1	82	5.55e-56	168
g8.t1	g134424.t1	84.0	81	13	0	2	82	17	97	3.82e-43	136
g8.t1	g217763.t1	84.0	81	13	0	2	82	14	94	3.89e-43	136
g8.t1	g56332.t1	82.7	81	14	0	2	82	14	94	5.10e-43	136
g8.t1	g43247.t1	82.7	81	14	0	2	82	14	94	8.59e-43	135
g8.t1	g35546.t1	84.0	81	13	0	2	82	2	82	1.18e-42	135
g8.t1	g131626.t1	86.3	80	11	0	2	81	68	147	1.58e-42	136
g8.t1	g254221.t1	86.4	81	11	0	2	82	14	94	2.41e-42	139
g8.t1	g137352.t1	81.5	81	15	0	2	82	14	94	2.78e-42	134
g8.t1	g3707.t1	82.7	81	14	0	2	82	14	94	2.86e-42	134
g8.t1	g8177.t1	82.7	81	14	0	2	82	34	114	2.90e-42	134
g8.t1	g95472.t1	82.7	81	14	0	2	82	9	89	2.99e-42	134
g8.t1	g196967.t1	82.7	81	14	0	2	82	3	83	3.30e-42	134
g8.t1	g102890.t1	84.0	81	13	0	2	82	23	103	4.04e-42	134
g8.t1	g192022.t1	84.0	81	13	0	2	82	12	92	4.34e-42	135
g8.t1	g38352.t1	82.7	81	14	0	2	82	14	94	6.40e-42	134
g8.t1	g127036.t1	82.7	81	14	0	2	82	61	141	6.60e-42	135
g8.t1	g45429.t1	84.0	81	13	0	2	82	139	219	6.95e-42	138
g8.t1	g34233.t1	85.2	81	12	0	2	82	103	183	1.08e-41	136
g8.t1	g147181.t1	84.0	81	13	0	2	82	3	83	1.12e-41	132
g8.t1	g211928.t1	81.5	81	15	0	2	82	14	94	1.23e-41	132
g8.t1	g200541.t1	81.5	81	15	0	2	82	10	90	1.30e-41	132
g8.t1	g169459.t1	82.7	81	14	0	2	82	31	111	1.33e-41	134
g8.t1	g97505.t1	84.0	81	13	0	2	82	83	163	1.41e-41	135
g8.t1	g175006.t1	82.7	81	14	0	2	82	31	111	1.43e-41	133
g8.t1	g156623.t1	81.5	81	15	0	2	82	1	81	1.69e-41	131
g8.t1	g59341.t1	82.7	81	14	0	2	82	24	104	1.73e-41	134
g8.t1	g97283.t1	82.7	81	14	0	2	82	14	94	1.81e-41	132
g8.t1	g187256.t1	81.5	81	15	0	2	82	65	145	1.95e-41	134
g8.t1	g40277.t1	84.0	81	13	0	2	82	27	107	2.07e-41	132
g8.t1	g1194.t1	81.5	81	15	0	2	82	6	86	2.15e-41	132
g8.t1	g120568.t1	85.2	81	12	0	2	82	14	94	2.17e-41	135
g8.t1	g102892.t1	82.7	81	14	0	2	82	23	103	2.36e-41	133
g8.t1	g181385.t1	81.5	81	15	0	2	82	14	94	2.55e-41	131
g8.t1	g140847.t1	81.5	81	15	0	2	82	9	89	2.73e-41	132
g8.t1	g73749.t1	84.0	81	13	0	2	82	90	170	2.85e-41	134
g8.t1	g102939.t1	81.5	81	15	0	2	82	23	103	2.85e-41	132
g8.t1	g20480.t1	84.0	81	13	0	2	82	4	84	2.88e-41	132
g8.t1	g108944.t1	81.5	81	15	0	2	82	5	85	2.95e-41	131
g8.t1	g229451.t1	81.5	81	15	0	2	82	14	94	3.18e-41	132
g8.t1	g190824.t1	81.5	81	15	0	2	82	31	111	3.21e-41	132
g8.t1	g4195.t1	81.5	81	15	0	2	82	57	137	3.45e-41	132
g8.t1	g43245.t1	81.5	81	15	0	2	82	9	89	3.52e-41	131
g8.t1	g130507.t1	79.0	81	17	0	2	82	10	90	4.21e-41	131
g8.t1	g56855.t1	80.2	81	16	0	2	82	14	94	4.51e-41	131
g8.t1	g97024.t1	81.5	81	15	0	2	82	9	89	4.56e-41	132
g8.t1	g212963.t1	82.7	81	14	0	2	82	17	97	4.65e-41	132
g8.t1	g129036.t1	82.7	81	14	0	2	82	153	233	5.02e-41	135
g8.t1	g197473.t1	82.7	81	14	0	2	82	14	94	5.09e-41	131
g8.t1	g165321.t1	80.2	81	16	0	2	82	25	105	5.47e-41	132
g8.t1	g97001.t1	81.5	81	15	0	2	82	9	89	5.72e-41	132
g8.t1	g181309.t1	81.5	81	15	0	2	82	15	95	5.98e-41	130
g8.t1	g211261.t1	81.5	81	15	0	2	82	37	117	5.98e-41	132
g8.t1	g97014.t1	82.7	81	14	0	2	82	9	89	6.22e-41	131
g8.t1	g41992.t1	82.7	81	14	0	2	82	8	88	6.26e-41	134
g8.t1	g226369.t1	84.0	81	13	0	2	82	14	94	6.60e-41	133
g8.t1	g251341.t1	82.7	81	14	0	2	82	14	94	6.60e-41	133
g8.t1	g227005.t1	80.2	81	16	0	2	82	1	81	6.74e-41	130
g8.t1	g159177.t1	79.0	81	17	0	2	82	24	104	6.74e-41	132
g8.t1	g157826.t1	80.2	81	16	0	2	82	3	83	6.81e-41	131
g8.t1	g192273.t1	80.2	81	16	0	2	82	1	81	6.89e-41	130
g8.t1	g220483.t1	79.0	81	17	0	2	82	12	92	6.94e-41	130
g8.t1	g200748.t1	80.2	81	16	0	2	82	14	94	7.31e-41	131
g8.t1	g231379.t1	80.2	81	16	0	2	82	18	98	8.07e-41	130
g8.t1	g32150.t1	80.0	80	16	0	2	81	14	93	8.24e-41	131
g8.t1	g96848.t1	84.0	81	13	0	2	82	9	89	8.84e-41	135
g8.t1	g140537.t1	81.5	81	15	0	2	82	14	94	8.87e-41	132
g8.t1	g73066.t1	84.0	81	13	0	2	82	179	259	8.90e-41	135
g8.t1	g36586.t1	81.5	81	15	0	2	82	6	86	8.93e-41	131
g8.t1	g250719.t1	82.5	80	14	0	3	82	1	80	9.29e-41	131
g8.t1	g207168.t1	81.3	80	15	0	2	81	3	82	9.40e-41	132
g8.t1	g224160.t1	82.7	81	14	0	2	82	14	94	1.02e-40	137
g8.t1	g68745.t1	81.5	81	15	0	2	82	7	87	1.07e-40	131
g8.t1	g129044.t1	81.5	81	15	0	2	82	8	88	1.08e-40	130
g8.t1	g225785.t1	80.2	81	16	0	2	82	14	94	1.08e-40	130
g8.t1	g177943.t1	82.7	81	14	0	2	82	103	183	1.11e-40	134
g8.t1	g234444.t1	82.7	81	14	0	2	82	28	108	1.18e-40	130
g8.t1	g46908.t1	83.8	80	13	0	3	82	15	94	1.19e-40	132
g8.t1	g202120.t1	81.3	80	15	0	2	81	21	100	1.21e-40	130
g8.t1	g89964.t1	78.8	80	17	0	3	82	15	94	1.27e-40	130
g8.t1	g221245.t1	80.2	81	16	0	2	82	8	88	1.31e-40	130
g8.t1	g245861.t1	81.5	81	15	0	2	82	6	86	1.37e-40	130
g8.t1	g235892.t1	79.0	81	17	0	2	82	14	94	1.43e-40	129
g8.t1	g109360.t1	80.2	81	16	0	2	82	16	96	1.52e-40	129
g8.t1	g118196.t1	80.2	81	16	0	2	82	14	94	1.53e-40	130
g8.t1	g236410.t1	81.5	81	15	0	2	82	18	98	1.71e-40	129
g8.t1	g181831.t1	82.7	81	14	0	2	82	38	118	1.74e-40	134
g8.t1	g191142.t1	81.5	81	15	0	2	82	68	148	1.78e-40	131
g8.t1	g40007.t1	80.2	81	16	0	2	82	14	94	1.82e-40	129
g8.t1	g52321.t1	81.5	81	15	0	2	82	1	81	1.88e-40	132
g8.t1	g89840.t1	83.3	78	13	0	2	79	14	91	1.92e-40	129
g8.t1	g43346.t1	80.2	81	16	0	2	82	21	101	1.93e-40	129
g8.t1	g211244.t1	81.5	81	15	0	2	82	37	117	2.09e-40	130
g8.t1	g226990.t1	81.5	81	15	0	2	82	1	81	2.10e-40	129
g8.t1	g24989.t1	80.2	81	16	0	2	82	18	98	2.25e-40	132
g8.t1	g212100.t1	80.2	81	16	0	2	82	64	144	2.32e-40	131
g8.t1	g251255.t1	84.0	81	13	0	2	82	14	94	2.33e-40	134
g8.t1	g11169.t1	82.5	80	14	0	2	81	14	93	2.43e-40	129
g8.t1	g81611.t1	81.5	81	15	0	2	82	36	116	2.45e-40	130
g8.t1	g1495.t1	80.2	81	16	0	2	82	36	116	2.94e-40	129
g9.t1	g9.t1	100	96	0	0	1	96	1	96	9.81e-70	204
g9.t1	g174788.t1	99.0	96	1	0	1	96	17	112	4.99e-69	202
g9.t1	g238828.t1	97.9	96	2	0	1	96	20	115	2.47e-68	201
g9.t1	g110889.t1	97.9	96	2	0	1	96	1	96	2.64e-68	201
g9.t1	g87434.t1	97.9	96	2	0	1	96	26	121	3.53e-68	201
g9.t1	g123709.t1	97.9	96	2	0	1	96	26	121	4.02e-68	201
g9.t1	g13894.t1	97.9	96	2	0	1	96	52	147	4.19e-68	201
g9.t1	g238013.t1	96.9	96	3	0	1	96	9	104	5.14e-68	200
g9.t1	g229756.t1	96.9	96	3	0	1	96	16	111	7.81e-68	200
g9.t1	g229999.t1	96.9	96	3	0	1	96	3	98	8.56e-68	199
g9.t1	g18243.t1	96.9	96	3	0	1	96	6	101	1.26e-67	199
g9.t1	g202357.t1	96.9	96	3	0	1	96	10	105	1.26e-67	199
g9.t1	g216231.t1	96.9	96	3	0	1	96	22	117	1.30e-67	199
g9.t1	g218804.t1	96.9	96	3	0	1	96	39	134	1.59e-67	199
g9.t1	g28770.t1	96.9	96	3	0	1	96	10	105	1.63e-67	199
g9.t1	g197277.t1	96.9	96	3	0	1	96	3	98	1.70e-67	200
g9.t1	g174795.t1	95.8	96	4	0	1	96	17	112	2.38e-67	198
g9.t1	g77111.t1	96.9	96	3	0	1	96	26	121	2.83e-67	199
g9.t1	g158564.t1	95.8	96	4	0	1	96	26	121	3.08e-67	198
g9.t1	g65734.t1	96.9	96	3	0	1	96	18	113	3.10e-67	199
g9.t1	g117447.t1	96.9	96	3	0	1	96	64	159	3.49e-67	200
g9.t1	g229743.t1	96.9	96	3	0	1	96	16	111	3.64e-67	199
g9.t1	g152136.t1	95.8	96	4	0	1	96	10	105	3.72e-67	198
g9.t1	g132612.t1	96.9	96	3	0	1	96	26	121	4.12e-67	200
g9.t1	g38475.t1	96.9	96	3	0	1	96	26	121	4.98e-67	200
g9.t1	g229778.t1	96.9	96	3	0	1	96	23	118	5.46e-67	197
g9.t1	g243066.t1	96.9	96	3	0	1	96	60	155	6.01e-67	199
g9.t1	g159808.t1	95.8	96	4	0	1	96	22	117	6.02e-67	197
g9.t1	g233732.t1	95.8	96	4	0	1	96	24	119	6.02e-67	197
g9.t1	g53145.t1	96.9	96	3	0	1	96	37	132	6.21e-67	199
g9.t1	g150460.t1	95.8	96	4	0	1	96	42	137	6.50e-67	198
g9.t1	g237362.t1	95.8	96	4	0	1	96	19	114	7.55e-67	197
g9.t1	g112464.t1	95.8	96	4	0	1	96	14	109	7.60e-67	198
g9.t1	g72324.t1	94.8	96	5	0	1	96	3	98	7.75e-67	197
g9.t1	g169398.t1	94.8	96	5	0	1	96	9	104	7.80e-67	197
g9.t1	g183376.t1	96.8	95	3	0	1	95	26	120	8.28e-67	197
g9.t1	g24935.t1	96.9	96	3	0	1	96	26	121	8.55e-67	197
g9.t1	g159840.t1	96.9	96	3	0	1	96	56	151	9.00e-67	198
g9.t1	g229784.t1	95.8	96	4	0	1	96	3	98	9.39e-67	197
g9.t1	g74286.t1	96.9	96	3	0	1	96	90	185	9.75e-67	199
g9.t1	g116045.t1	95.8	96	4	0	1	96	70	165	1.14e-66	199
g9.t1	g231621.t1	94.8	96	5	0	1	96	3	98	1.17e-66	196
g9.t1	g126724.t1	95.8	96	4	0	1	96	3	98	1.22e-66	196
g9.t1	g126730.t1	95.8	96	4	0	1	96	3	98	1.22e-66	196
g9.t1	g85198.t1	95.8	96	4	0	1	96	26	121	1.34e-66	197
g9.t1	g165549.t1	96.9	96	3	0	1	96	51	146	1.41e-66	198
g9.t1	g125542.t1	94.8	96	5	0	1	96	26	121	1.73e-66	196
g9.t1	g83422.t1	95.8	95	4	0	1	95	3	97	1.90e-66	196
g9.t1	g249236.t1	96.9	96	3	0	1	96	36	131	1.99e-66	197
g9.t1	g85809.t1	95.8	96	4	0	1	96	8	103	2.11e-66	197
g9.t1	g1729.t1	95.8	96	4	0	1	96	20	115	2.17e-66	196
g9.t1	g71581.t1	94.8	96	5	0	1	96	26	121	2.46e-66	196
g9.t1	g112011.t1	94.8	96	5	0	1	96	26	121	2.46e-66	196
g9.t1	g82345.t1	96.9	96	3	0	1	96	46	141	2.48e-66	197
g9.t1	g28002.t1	95.8	96	4	0	1	96	3	98	2.50e-66	197
g9.t1	g115980.t1	95.8	96	4	0	1	96	68	163	2.59e-66	197
g9.t1	g244301.t1	95.8	96	4	0	1	96	60	155	2.59e-66	197
g9.t1	g126467.t1	95.8	96	4	0	1	96	13	108	2.63e-66	196
g9.t1	g16564.t1	94.8	96	5	0	1	96	26	121	2.70e-66	196
g9.t1	g223017.t1	94.8	96	5	0	1	96	62	157	2.84e-66	197
g9.t1	g174948.t1	93.8	96	6	0	1	96	3	98	2.87e-66	196
g9.t1	g173910.t1	95.8	96	4	0	1	96	51	146	2.92e-66	197
g9.t1	g98275.t1	94.8	96	5	0	1	96	61	156	2.97e-66	198
g9.t1	g237315.t1	94.8	96	5	0	1	96	19	114	2.97e-66	196
g9.t1	g165471.t1	97.9	94	2	0	3	96	1	94	3.06e-66	195
g9.t1	g117448.t1	95.8	96	4	0	1	96	14	109	3.27e-66	196
g9.t1	g190502.t1	94.8	96	5	0	1	96	3	98	3.41e-66	196
g9.t1	g251351.t1	95.8	95	4	0	1	95	26	120	3.50e-66	196
g9.t1	g31570.t1	96.9	96	3	0	1	96	26	121	3.57e-66	197
g9.t1	g134871.t1	95.8	96	4	0	1	96	51	146	3.57e-66	197
g9.t1	g125905.t1	93.8	96	6	0	1	96	24	119	3.74e-66	196
g9.t1	g21894.t1	95.8	96	4	0	1	96	46	141	3.97e-66	198
g9.t1	g114025.t1	94.8	96	5	0	1	96	26	121	3.99e-66	196
g9.t1	g198282.t1	96.9	96	3	0	1	96	130	225	4.20e-66	199
g9.t1	g17698.t1	93.8	96	6	0	1	96	2	97	4.49e-66	195
g9.t1	g230460.t1	93.8	96	6	0	1	96	12	107	4.64e-66	195
g9.t1	g98373.t1	94.8	96	5	0	1	96	3	98	4.66e-66	196
g9.t1	g50715.t1	93.8	96	6	0	1	96	10	105	5.28e-66	195
g9.t1	g194210.t1	95.8	96	4	0	1	96	6	101	5.31e-66	196
g9.t1	g184427.t1	95.8	96	4	0	1	96	85	180	5.62e-66	197
g9.t1	g132175.t1	94.8	96	5	0	1	96	3	98	5.82e-66	195
g9.t1	g17734.t1	96.8	93	3	0	1	93	2	94	6.02e-66	194
g9.t1	g91471.t1	95.8	96	4	0	1	96	3	98	7.07e-66	195
g9.t1	g246032.t1	93.8	96	6	0	1	96	1	96	7.25e-66	194
g9.t1	g57887.t1	94.8	96	5	0	1	96	21	116	7.49e-66	197
g9.t1	g85677.t1	95.8	95	4	0	1	95	7	101	7.50e-66	194
g9.t1	g44882.t1	95.8	96	4	0	1	96	43	138	7.74e-66	197
g9.t1	g149353.t1	94.8	96	5	0	1	96	13	108	8.05e-66	195
g9.t1	g164910.t1	94.8	96	5	0	1	96	82	177	8.22e-66	197
g9.t1	g241910.t1	95.8	96	4	0	1	96	20	115	8.23e-66	198
g9.t1	g27554.t1	95.8	95	4	0	2	96	1	95	8.24e-66	194
g9.t1	g7649.t1	93.8	96	6	0	1	96	6	101	8.24e-66	194
g9.t1	g168614.t1	94.8	96	5	0	1	96	3	98	8.24e-66	194
g9.t1	g87403.t1	94.8	96	5	0	1	96	42	137	8.31e-66	195
g9.t1	g17712.t1	94.8	96	5	0	1	96	2	97	8.51e-66	194
g9.t1	g232347.t1	95.8	96	4	0	1	96	8	103	8.79e-66	194
g9.t1	g33045.t1	93.8	96	6	0	1	96	53	148	8.92e-66	196
g9.t1	g138769.t1	96.9	96	3	0	1	96	26	121	9.00e-66	198
g9.t1	g88747.t1	93.8	96	6	0	1	96	15	110	9.11e-66	195
g9.t1	g127355.t1	96.8	95	3	0	2	96	50	144	9.58e-66	196
g10.t1	g10.t1	100	60	0	0	1	60	1	60	1.30e-42	132
g11.t1	g11.t1	100	56	0	0	1	56	1	56	2.56e-36	116
g11.t1	g57524.t1	92.6	54	4	0	3	56	1	54	7.67e-31	102
g12.t1	g12.t1	100	87	0	0	1	87	1	87	7.05e-59	176
g12.t1	g97734.t1	95.3	86	4	0	1	86	37	122	5.02e-55	168
g12.t1	g27281.t1	95.3	86	4	0	1	86	10	95	1.35e-54	167
g12.t1	g237926.t1	95.3	86	4	0	1	86	10	95	1.71e-54	166
g12.t1	g110964.t1	95.3	86	4	0	1	86	26	111	2.25e-54	168
g12.t1	g178577.t1	94.3	87	5	0	1	87	26	112	5.77e-54	164
g12.t1	g100268.t1	94.2	86	5	0	1	86	9	94	6.28e-54	165
g12.t1	g6755.t1	95.3	86	4	0	1	86	39	124	7.25e-54	167
g12.t1	g22674.t1	95.3	85	4	0	1	85	26	110	1.09e-53	163
g12.t1	g27866.t1	95.3	86	4	0	1	86	167	252	1.47e-53	168
g12.t1	g153983.t1	92.0	87	7	0	1	87	12	98	1.38e-52	163
g12.t1	g239955.t1	93.0	86	6	0	1	86	39	124	1.39e-52	161
g12.t1	g236454.t1	91.9	86	7	0	1	86	29	114	1.68e-52	161
g12.t1	g228810.t1	93.0	86	6	0	1	86	22	107	2.78e-52	161
g12.t1	g129334.t1	93.0	86	6	0	1	86	26	111	6.06e-52	162
g12.t1	g106716.t1	92.0	87	7	0	1	87	169	255	6.84e-52	166
g12.t1	g47760.t1	90.8	87	8	0	1	87	72	158	8.24e-52	163
g12.t1	g64921.t1	89.5	86	9	0	1	86	15	100	9.22e-52	160
g12.t1	g6023.t1	91.7	84	7	0	3	86	1	84	2.35e-51	157
g12.t1	g143268.t1	93.0	86	6	0	1	86	26	111	2.98e-51	159
g12.t1	g50327.t1	89.4	85	9	0	1	85	16	100	3.63e-51	157
g12.t1	g228912.t1	92.9	84	6	0	2	85	36	119	4.56e-51	160
g12.t1	g76009.t1	91.9	86	7	0	1	86	54	139	4.94e-51	159
g12.t1	g239021.t1	92.0	87	7	0	1	87	177	263	9.32e-51	162
g12.t1	g47010.t1	92.7	82	6	0	4	85	1	82	2.13e-50	154
g12.t1	g160452.t1	89.5	86	9	0	1	86	7	92	2.59e-50	157
g12.t1	g239390.t1	89.5	86	9	0	1	86	26	111	2.84e-50	157
g12.t1	g195243.t1	91.9	86	7	0	1	86	52	137	3.04e-50	158
g12.t1	g217685.t1	91.5	82	7	0	1	82	41	122	3.59e-50	155
g12.t1	g6078.t1	91.8	85	7	0	2	86	93	177	4.30e-50	157
g12.t1	g24556.t1	91.8	85	7	0	1	85	41	125	4.43e-50	157
g12.t1	g17771.t1	93.8	81	5	0	6	86	1	81	4.62e-50	156
g12.t1	g105278.t1	95.0	80	4	0	7	86	1	80	7.10e-50	154
g12.t1	g19338.t1	90.6	85	8	0	2	86	23	107	7.18e-50	156
g12.t1	g127361.t1	92.7	82	6	0	5	86	1	82	7.55e-50	154
g12.t1	g132997.t1	93.8	80	5	0	1	80	43	122	1.03e-49	154
g12.t1	g12085.t1	95.0	80	4	0	7	86	1	80	1.25e-49	153
g12.t1	g18242.t1	88.4	86	10	0	1	86	34	119	3.48e-49	155
g12.t1	g105311.t1	95.0	80	4	0	7	86	1	80	5.20e-49	153
g12.t1	g239122.t1	87.2	86	11	0	1	86	117	202	5.22e-49	157
g12.t1	g105277.t1	93.8	80	5	0	7	86	1	80	5.90e-49	152
g12.t1	g165405.t1	91.9	86	7	0	1	86	190	275	7.35e-49	159
g12.t1	g112194.t1	90.7	86	8	0	1	86	150	235	7.79e-49	157
g12.t1	g91905.t1	88.2	85	10	0	1	85	20	104	1.02e-48	151
g12.t1	g17761.t1	92.6	81	6	0	6	86	1	81	1.08e-48	154
g12.t1	g164357.t1	91.9	86	7	0	1	86	281	366	3.66e-48	159
g12.t1	g41301.t1	89.5	86	8	1	1	86	21	105	7.17e-48	151
g12.t1	g213596.t1	90.7	86	8	0	1	86	270	355	7.46e-48	157
g12.t1	g211564.t1	86.0	86	12	0	1	86	190	275	8.26e-48	154
g12.t1	g156658.t1	88.4	86	9	1	1	86	26	110	1.52e-47	149
g12.t1	g204517.t1	91.3	80	7	0	7	86	1	80	2.40e-47	146
g12.t1	g195672.t1	86.2	87	12	0	1	87	119	205	4.65e-47	151
g12.t1	g35464.t1	89.5	86	9	0	1	86	205	290	4.80e-47	154
g12.t1	g135975.t1	92.2	77	6	0	1	77	48	124	6.06e-47	147
g12.t1	g231483.t1	88.4	86	10	0	1	86	289	374	7.02e-47	154
g12.t1	g194843.t1	89.7	78	8	0	1	78	42	119	7.38e-47	146
g12.t1	g105666.t1	82.6	86	15	0	1	86	150	235	1.35e-46	150
g12.t1	g110949.t1	94.6	74	4	0	13	86	1	74	3.89e-46	144
g12.t1	g58819.t1	86.0	86	12	0	1	86	37	122	4.49e-46	145
g12.t1	g97629.t1	87.1	85	11	0	1	85	140	224	9.47e-46	149
g12.t1	g113243.t1	81.4	86	16	0	1	86	3	88	2.75e-45	144
g12.t1	g165421.t1	86.0	86	12	0	1	86	143	228	2.87e-45	148
g12.t1	g105279.t1	93.2	74	5	0	7	80	1	74	3.70e-45	140
g12.t1	g77116.t1	87.2	86	11	0	1	86	318	403	5.83e-45	151
g12.t1	g42735.t1	91.5	82	7	0	5	86	383	464	1.68e-44	150
g12.t1	g64222.t1	90.4	73	7	0	1	73	20	92	5.16e-44	138
g12.t1	g231573.t1	94.4	71	4	0	1	71	26	96	2.37e-43	137
g12.t1	g151579.t1	98.5	67	1	0	1	67	34	100	2.67e-43	137
g12.t1	g246751.t1	89.3	75	8	0	1	75	84	158	3.80e-43	138
g12.t1	g176441.t1	97.0	67	2	0	1	67	26	92	8.56e-43	135
g12.t1	g17763.t1	92.6	68	5	0	6	73	1	68	2.48e-42	133
g12.t1	g96466.t1	88.0	75	9	0	1	75	133	207	4.49e-42	137
g12.t1	g47009.t1	88.7	71	8	0	1	71	3	73	1.65e-41	131
g12.t1	g214994.t1	81.2	85	16	0	2	86	253	337	1.55e-40	138
g12.t1	g195707.t1	88.4	69	8	0	2	70	27	95	7.38e-40	128
g12.t1	g32110.t1	76.5	85	20	0	2	86	213	297	8.78e-40	135
g12.t1	g128964.t1	86.5	74	10	0	13	86	1	74	1.42e-39	128
g12.t1	g228890.t1	88.6	70	8	0	3	72	37	106	2.19e-39	127
g12.t1	g87617.t1	76.8	82	19	0	5	86	98	179	2.79e-39	131
g12.t1	g113177.t1	77.6	85	19	0	2	86	272	356	5.03e-39	134
g12.t1	g202907.t1	72.1	86	24	0	1	86	266	351	1.88e-38	133
g12.t1	g176435.t1	92.4	66	5	0	1	66	26	91	1.92e-38	127
g12.t1	g129335.t1	88.7	71	7	1	1	71	34	103	3.13e-38	124
g12.t1	g110946.t1	86.7	75	9	1	12	86	1	74	3.81e-38	125
g12.t1	g241843.t1	69.8	86	26	0	1	86	2	87	1.26e-37	124
g12.t1	g80242.t1	75.9	83	20	0	1	83	498	580	3.55e-37	132
g12.t1	g87137.t1	69.8	86	26	0	1	86	26	111	4.40e-37	122
g12.t1	g51698.t1	85.7	70	10	0	1	70	171	240	5.13e-37	125
g12.t1	g10011.t1	88.6	70	8	0	2	71	455	524	2.95e-36	129
g12.t1	g92560.t1	65.1	86	30	0	1	86	208	293	3.20e-36	126
g12.t1	g184054.t1	68.6	86	27	0	1	86	199	284	4.73e-35	124
g12.t1	g128722.t1	67.1	85	26	1	1	85	1	83	9.46e-34	113
g12.t1	g99918.t1	68.7	83	26	0	1	83	143	225	2.48e-33	117
g12.t1	g163122.t1	71.8	78	21	1	1	78	26	102	3.73e-33	111
g12.t1	g59926.t1	71.2	73	21	0	11	83	3	75	4.96e-32	110
g12.t1	g239043.t1	67.9	78	25	0	1	78	238	315	5.67e-32	115
g12.t1	g241888.t1	87.9	66	8	0	1	66	317	382	1.24e-31	117
g12.t1	g153855.t1	63.0	81	30	0	1	81	178	258	5.69e-31	110
g12.t1	g197314.t1	60.0	85	34	0	1	85	33	117	2.16e-30	107
g12.t1	g14138.t1	67.6	74	24	0	1	74	527	600	4.72e-30	112
g13.t1	g13.t1	100	49	0	0	1	49	1	49	1.55e-34	111
g13.t1	g42657.t1	81.8	55	4	1	1	49	1	55	1.82e-26	95.1
g14.t1	g14.t1	100	67	0	0	1	67	1	67	5.57e-47	144
g15.t1	g15.t1	100	240	0	0	1	240	1	240	1.17e-174	481
g15.t1	g90119.t1	82.9	240	41	0	1	240	1	240	5.63e-141	395
g15.t1	g69135.t1	81.6	239	44	0	2	240	2	240	1.04e-136	385
g15.t1	g146051.t1	82.0	239	43	0	1	239	81	319	2.45e-135	384
g15.t1	g94685.t1	80.4	240	47	0	1	240	1	240	1.15e-133	377
g15.t1	g151908.t1	80.8	240	46	0	1	240	114	353	2.06e-132	378
g15.t1	g2473.t1	80.8	240	46	0	1	240	18	257	4.04e-131	371
g15.t1	g64185.t1	79.5	239	49	0	1	239	78	316	4.49e-130	371
g15.t1	g253214.t1	82.5	228	40	0	13	240	81	308	1.13e-128	367
g15.t1	g17.t1	80.2	227	45	0	3	229	3	229	6.79e-128	362
g15.t1	g170419.t1	77.9	240	52	1	1	240	8	246	3.37e-125	356
g15.t1	g15525.t1	84.3	197	31	0	27	223	1	197	3.51e-118	336
g15.t1	g13603.t1	81.9	199	36	0	1	199	3	201	1.46e-115	330
g15.t1	g175271.t1	82.4	205	36	0	36	240	1	205	6.00e-114	326
g15.t1	g2190.t1	80.8	203	39	0	38	240	1	203	3.23e-113	324
g15.t1	g197670.t1	84.5	193	30	0	37	229	1	193	1.36e-112	322
g15.t1	g99502.t1	85.3	190	28	0	43	232	8	197	3.49e-112	322
g15.t1	g157247.t1	82.1	207	37	0	33	239	184	390	6.36e-111	325
g15.t1	g73280.t1	82.9	181	31	0	52	232	1	181	9.64e-103	296
g15.t1	g163326.t1	65.8	240	45	1	1	240	1	203	4.58e-99	288
g15.t1	g139052.t1	79.9	184	37	0	57	240	270	453	4.39e-94	284
g15.t1	g181840.t1	79.1	187	39	0	54	240	61	247	6.02e-93	274
g15.t1	g102461.t1	72.1	201	56	0	40	240	2	202	7.58e-93	272
g15.t1	g22884.t1	78.7	183	39	0	58	240	1	183	5.34e-91	267
g15.t1	g27749.t1	76.5	183	42	1	58	240	1	182	1.48e-90	266
g15.t1	g214856.t1	71.8	195	55	0	40	234	2	196	3.90e-89	263
g15.t1	g105042.t1	73.9	188	25	1	53	240	1	164	7.90e-84	248
g15.t1	g160119.t1	72.7	183	26	1	58	240	25	183	2.68e-79	237
g15.t1	g251325.t1	48.3	240	50	1	1	240	48	213	2.18e-60	190
g15.t1	g237891.t1	57.1	203	44	3	39	240	284	444	2.88e-54	181
g15.t1	g219464.t1	43.5	216	59	4	7	213	32	193	2.03e-42	144
g15.t1	g114111.t1	46.9	196	47	2	43	238	5	143	2.74e-42	142
g15.t1	g20498.t1	45.7	199	24	1	42	240	80	194	5.86e-39	135
g15.t1	g108418.t1	34.6	214	83	3	2	214	82	239	3.66e-29	111
g17.t1	g17.t1	100	229	0	0	1	229	1	229	7.32e-168	462
g17.t1	g69135.t1	84.6	227	35	0	3	229	3	229	9.93e-139	389
g17.t1	g64185.t1	85.1	228	34	0	2	229	79	306	1.45e-137	389
g17.t1	g94685.t1	85.0	227	34	0	3	229	3	229	4.71e-137	385
g17.t1	g151908.t1	83.7	227	37	0	3	229	116	342	1.15e-133	381
g17.t1	g13603.t1	90.3	196	19	0	4	199	6	201	5.32e-129	363
g17.t1	g15525.t1	89.3	197	21	0	27	223	1	197	2.86e-128	361
g17.t1	g15.t1	80.5	226	44	0	4	229	4	229	3.21e-128	363
g17.t1	g90119.t1	81.1	227	43	0	3	229	3	229	6.48e-128	362
g17.t1	g197670.t1	92.2	193	15	0	37	229	1	193	4.96e-126	355
g17.t1	g253214.t1	83.0	218	37	0	12	229	80	297	1.62e-125	358
g17.t1	g146051.t1	80.2	227	45	0	3	229	83	309	9.92e-125	357
g17.t1	g2473.t1	79.2	226	47	0	3	228	20	245	7.17e-122	347
g17.t1	g170419.t1	77.4	226	51	0	3	228	10	235	3.27e-120	343
g17.t1	g175271.t1	87.6	194	24	0	36	229	1	194	5.23e-119	338
g17.t1	g2190.t1	86.5	192	26	0	38	229	1	192	1.98e-118	337
g17.t1	g192500.t1	89.0	172	19	0	19	190	1	172	6.81e-112	319
g17.t1	g73280.t1	89.9	178	18	0	52	229	1	178	3.79e-111	317
g17.t1	g157247.t1	80.7	197	38	0	33	229	184	380	1.67e-105	311
g17.t1	g99502.t1	80.6	186	36	0	43	228	8	193	2.40e-100	291
g17.t1	g214856.t1	71.1	190	55	0	40	229	2	191	5.49e-91	267
g17.t1	g163326.t1	63.8	229	42	3	3	229	3	192	2.82e-90	265
g17.t1	g27749.t1	76.2	172	41	0	58	229	1	172	7.97e-90	263
g17.t1	g139052.t1	66.7	213	58	1	30	229	230	442	2.15e-88	269
g17.t1	g102461.t1	70.5	190	56	0	40	229	2	191	2.58e-88	260
g17.t1	g181840.t1	75.6	176	43	0	54	229	61	236	3.31e-87	259
g17.t1	g22884.t1	72.7	172	47	0	58	229	1	172	2.19e-80	239
g17.t1	g105042.t1	70.1	177	29	1	53	229	1	153	7.31e-77	230
g17.t1	g160119.t1	72.1	172	24	1	58	229	25	172	7.90e-76	228
g17.t1	g251325.t1	48.2	226	43	1	4	229	51	202	1.79e-56	180
g17.t1	g237891.t1	57.4	188	38	3	42	229	288	433	1.17e-52	177
g17.t1	g219464.t1	41.8	201	63	2	13	213	47	193	2.04e-39	135
g17.t1	g114111.t1	45.3	190	47	3	40	229	2	134	1.60e-38	132
g17.t1	g20498.t1	43.9	187	21	2	43	229	81	183	4.43e-32	117
g17.t1	g62562.t1	44.5	173	39	1	53	225	286	401	7.98e-31	120
g17.t1	g108418.t1	34.3	213	81	3	9	219	89	244	7.45e-29	110
g17.t1	g12900.t1	35.0	214	65	4	18	229	184	325	1.51e-27	108
g18.t1	g18.t1	100	252	0	0	1	252	1	252	2.01e-181	499
g19.t1	g19.t1	100	547	0	0	1	547	1	547	0.0	1101
g19.t1	g68380.t1	35.9	697	252	9	32	547	401	1083	1.41e-112	361
g19.t1	g40555.t1	31.0	864	255	10	1	547	282	1121	6.64e-105	341
g19.t1	g81026.t1	33.8	754	213	14	26	522	3	727	1.75e-97	313
g19.t1	g31255.t1	32.1	664	236	9	1	481	1174	1805	1.11e-79	274
g19.t1	g164046.t1	32.4	632	222	10	93	543	9	616	1.00e-78	260
g19.t1	g205483.t1	39.3	458	155	10	117	536	142	514	3.77e-77	253
g19.t1	g237630.t1	36.9	536	221	12	5	490	77	545	1.06e-74	248
g19.t1	g8305.t1	34.8	626	272	19	15	507	1	623	4.54e-69	237
g19.t1	g39064.t1	34.1	543	170	10	1	470	129	556	7.00e-68	233
g19.t1	g112774.t1	34.1	525	232	13	7	427	378	892	1.64e-67	236
g19.t1	g10648.t1	26.7	748	233	10	93	547	156	881	1.41e-66	233
g19.t1	g57050.t1	28.0	696	232	11	79	529	590	1261	2.63e-63	226
g19.t1	g55163.t1	29.7	518	269	10	92	547	241	725	1.35e-55	200
g19.t1	g54304.t1	25.9	773	248	14	32	547	388	1092	4.81e-51	190
g19.t1	g101766.t1	28.0	685	221	14	1	456	47	688	4.93e-51	188
g19.t1	g35420.t1	32.7	538	241	14	1	524	494	924	5.67e-51	189
g19.t1	g165809.t1	28.4	585	270	12	2	442	315	894	1.04e-48	183
g19.t1	g53739.t1	28.8	577	263	16	1	547	154	612	7.00e-47	174
g19.t1	g106577.t1	28.5	618	234	12	33	446	209	822	1.16e-46	176
g19.t1	g159857.t1	31.6	572	252	20	2	510	228	723	8.34e-45	170
g19.t1	g59745.t1	28.9	495	228	9	134	547	175	626	1.51e-44	169
g19.t1	g65170.t1	27.7	613	287	19	32	508	142	734	9.01e-43	164
g19.t1	g74929.t1	28.9	536	280	17	2	518	21	474	6.34e-41	156
g19.t1	g9606.t1	26.3	476	267	11	115	547	634	1068	6.98e-39	154
g19.t1	g215450.t1	25.5	604	351	13	2	547	377	939	2.05e-37	149
g19.t1	g22657.t1	25.2	556	259	13	2	449	346	852	1.16e-36	147
g19.t1	g33465.t1	28.4	468	277	11	133	547	533	995	5.44e-36	145
g19.t1	g162486.t1	28.7	484	260	9	12	449	178	622	5.84e-35	142
g19.t1	g156443.t1	25.0	681	364	18	2	543	4	676	9.06e-35	140
g19.t1	g99655.t1	26.7	565	266	15	2	436	1012	1558	4.40e-33	136
g19.t1	g179852.t1	26.2	465	230	13	125	537	49	452	3.63e-28	119
g19.t1	g160877.t1	28.3	417	155	14	118	530	246	522	1.56e-27	119
g20.t1	g20.t1	100	102	0	0	1	102	1	102	2.41e-48	150
g21.t1	g21.t1	100	347	0	0	1	347	1	347	6.60e-246	670
g22.t1	g22.t1	100	148	0	0	1	148	1	148	2.59e-101	288
g22.t1	g143255.t1	46.6	148	79	0	1	148	332	479	1.36e-28	111
g23.t1	g23.t1	100	62	0	0	1	62	1	62	8.38e-40	125
g24.t1	g24.t1	100	98	0	0	1	98	1	98	8.67e-65	191
g24.t1	g149335.t1	54.3	94	40	1	2	95	29	119	2.07e-26	95.5
g25.t1	g25.t1	100	338	0	0	1	338	1	338	7.71e-245	666
g25.t1	g195741.t1	46.0	326	135	2	10	335	8	292	2.70e-88	268
g25.t1	g124199.t1	42.2	346	117	4	5	330	3	285	9.92e-74	231
g25.t1	g99278.t1	34.8	299	157	8	58	337	32	311	8.39e-38	142
g27.t1	g27.t1	100	154	0	0	1	154	1	154	4.97e-111	313
g27.t1	g232740.t1	90.9	154	14	0	1	154	17	170	2.90e-98	282
g27.t1	g66479.t1	89.6	154	16	0	1	154	19	172	3.29e-97	279
g27.t1	g117435.t1	89.6	154	16	0	1	154	77	230	4.79e-97	281
g27.t1	g238338.t1	88.3	154	18	0	1	154	15	168	8.81e-97	278
g27.t1	g85094.t1	89.0	154	17	0	1	154	13	166	1.03e-96	280
g27.t1	g56130.t1	89.0	154	17	0	1	154	42	195	1.23e-96	278
g27.t1	g115066.t1	87.7	154	19	0	1	154	11	164	2.06e-96	276
g27.t1	g156114.t1	89.0	154	17	0	1	154	50	203	2.10e-96	278
g27.t1	g235358.t1	89.0	154	17	0	1	154	40	193	2.24e-96	278
g27.t1	g244022.t1	87.7	154	19	0	1	154	44	197	6.80e-96	276
g27.t1	g18973.t1	88.3	154	18	0	1	154	46	199	2.31e-95	275
g27.t1	g11594.t1	89.0	154	17	0	1	154	106	259	2.65e-95	278
g27.t1	g224318.t1	88.3	154	18	0	1	154	51	204	4.47e-95	276
g27.t1	g109354.t1	89.6	154	16	0	1	154	165	318	5.31e-95	278
g27.t1	g2031.t1	87.5	152	19	0	3	154	50	201	6.38e-95	274
g27.t1	g32181.t1	88.3	154	18	0	1	154	63	216	7.62e-95	275
g27.t1	g95666.t1	89.4	151	16	0	4	154	1	151	8.44e-95	273
g27.t1	g60562.t1	89.0	154	17	0	1	154	35	188	8.55e-95	275
g27.t1	g178615.t1	88.7	150	17	0	5	154	1	150	1.07e-94	271
g27.t1	g86119.t1	87.7	154	19	0	1	154	23	176	1.12e-94	272
g27.t1	g243054.t1	87.0	154	20	0	1	154	3	156	1.21e-94	272
g27.t1	g30782.t1	87.0	154	20	0	1	154	44	197	1.36e-94	274
g27.t1	g224583.t1	87.7	154	19	0	1	154	24	177	1.51e-94	275
g27.t1	g122011.t1	86.4	154	21	0	1	154	1	154	1.66e-94	271
g27.t1	g232186.t1	86.4	154	21	0	1	154	4	157	1.69e-94	272
g27.t1	g150314.t1	87.0	154	20	0	1	154	1	154	1.69e-94	273
g27.t1	g139165.t1	87.0	154	20	0	1	154	37	190	2.19e-94	273
g27.t1	g237097.t1	87.5	152	19	0	3	154	2	153	2.23e-94	271
g27.t1	g63438.t1	87.7	154	19	0	1	154	10	163	2.37e-94	272
g27.t1	g96061.t1	89.0	154	17	0	1	154	79	232	2.99e-94	274
g27.t1	g86121.t1	87.7	154	19	0	1	154	23	176	3.46e-94	276
g27.t1	g40027.t1	89.0	154	17	0	1	154	15	168	4.03e-94	277
g27.t1	g123451.t1	87.5	152	19	0	1	152	55	206	4.27e-94	272
g27.t1	g117228.t1	87.0	154	20	0	1	154	25	178	4.94e-94	271
g27.t1	g181950.t1	87.7	154	19	0	1	154	1	154	5.73e-94	271
g27.t1	g233605.t1	87.0	154	20	0	1	154	28	181	7.86e-94	271
g27.t1	g225322.t1	88.2	152	18	0	1	152	39	190	1.01e-93	270
g27.t1	g251536.t1	88.3	154	18	0	1	154	42	195	1.01e-93	274
g27.t1	g115039.t1	87.7	154	19	0	1	154	1	154	1.03e-93	271
g27.t1	g54889.t1	89.7	146	15	0	9	154	1	146	1.09e-93	269
g27.t1	g58278.t1	88.2	152	18	0	3	154	51	202	1.14e-93	272
g27.t1	g186298.t1	86.4	154	21	0	1	154	37	190	1.46e-93	271
g27.t1	g217598.t1	91.2	147	13	0	1	147	24	170	1.46e-93	269
g27.t1	g59477.t1	87.7	154	19	0	1	154	100	253	1.83e-93	273
g27.t1	g115025.t1	88.3	154	18	0	1	154	182	335	2.06e-93	276
g27.t1	g21541.t1	87.0	154	20	0	1	154	1	154	2.24e-93	268
g27.t1	g159302.t1	86.4	154	21	0	1	154	86	239	2.25e-93	272
g27.t1	g2683.t1	87.0	154	20	0	1	154	1	154	2.40e-93	268
g27.t1	g231664.t1	88.2	152	18	0	1	152	13	164	2.40e-93	268
g27.t1	g1558.t1	87.7	154	19	0	1	154	148	301	2.48e-93	275
g27.t1	g149858.t1	87.0	154	20	0	1	154	15	168	2.54e-93	269
g27.t1	g135708.t1	88.3	154	18	0	1	154	35	188	2.70e-93	273
g27.t1	g92320.t1	88.3	154	18	0	1	154	108	261	4.68e-93	274
g27.t1	g239235.t1	88.0	150	18	0	5	154	1	150	6.36e-93	268
g27.t1	g65211.t1	88.3	154	18	0	1	154	115	268	6.43e-93	273
g27.t1	g45057.t1	87.7	154	19	0	1	154	88	241	6.82e-93	272
g27.t1	g244019.t1	85.7	154	22	0	1	154	1	154	7.12e-93	267
g27.t1	g190536.t1	86.4	154	21	0	1	154	14	167	7.22e-93	268
g27.t1	g199612.t1	89.5	153	16	0	2	154	41	193	7.27e-93	275
g27.t1	g228867.t1	85.1	154	23	0	1	154	37	190	8.94e-93	269
g27.t1	g128076.t1	85.1	154	23	0	1	154	11	164	9.35e-93	267
g27.t1	g63452.t1	85.1	154	23	0	1	154	24	177	1.17e-92	269
g27.t1	g174256.t1	85.1	154	23	0	1	154	12	165	1.31e-92	267
g27.t1	g104003.t1	85.1	154	23	0	1	154	9	162	1.36e-92	267
g27.t1	g67414.t1	85.7	154	22	0	1	154	76	229	1.53e-92	269
g27.t1	g150271.t1	85.7	154	22	0	1	154	1	154	1.63e-92	267
g27.t1	g100467.t1	85.1	154	23	0	1	154	1	154	1.65e-92	266
g27.t1	g216343.t1	85.7	154	22	0	1	154	86	239	1.72e-92	270
g27.t1	g15521.t1	85.7	154	22	0	1	154	31	184	2.02e-92	268
g27.t1	g16676.t1	84.4	154	24	0	1	154	1	154	2.04e-92	268
g27.t1	g217370.t1	84.9	152	23	0	1	152	4	155	2.06e-92	266
g27.t1	g72131.t1	87.7	154	19	0	1	154	20	173	2.07e-92	273
g27.t1	g219739.t1	85.7	154	22	0	1	154	70	223	2.57e-92	269
g27.t1	g49201.t1	85.1	154	23	0	1	154	85	238	2.66e-92	269
g27.t1	g204345.t1	86.4	154	21	0	1	154	1	154	2.68e-92	271
g27.t1	g144496.t1	87.5	152	19	0	1	152	32	183	2.94e-92	266
g27.t1	g66367.t1	85.1	154	23	0	1	154	19	172	3.28e-92	267
g27.t1	g77202.t1	89.1	147	16	0	1	147	23	169	3.32e-92	266
g27.t1	g64463.t1	89.8	147	15	0	8	154	1	147	3.51e-92	267
g27.t1	g154433.t1	87.6	153	19	0	1	153	114	266	3.95e-92	269
g27.t1	g60430.t1	90.5	147	14	0	8	154	1	147	4.21e-92	273
g27.t1	g144526.t1	85.7	154	22	0	1	154	1	154	4.31e-92	266
g27.t1	g145250.t1	86.4	154	21	0	1	154	106	259	4.36e-92	269
g27.t1	g244399.t1	85.7	154	22	0	1	154	8	161	4.40e-92	270
g27.t1	g219743.t1	85.1	154	23	0	1	154	13	166	4.41e-92	266
g27.t1	g46247.t1	86.8	152	20	0	3	154	5	156	4.99e-92	267
g27.t1	g77340.t1	87.2	149	19	0	6	154	1	149	5.28e-92	265
g27.t1	g246965.t1	86.4	154	21	0	1	154	2	155	6.11e-92	268
g27.t1	g96554.t1	86.4	154	21	0	1	154	20	173	6.48e-92	266
g27.t1	g218438.t1	86.8	152	20	0	3	154	137	288	6.74e-92	271
g27.t1	g132586.t1	85.1	154	23	0	1	154	16	169	6.77e-92	268
g27.t1	g55366.t1	85.7	154	22	0	1	154	14	167	7.26e-92	266
g27.t1	g135344.t1	87.0	154	20	0	1	154	5	158	7.89e-92	271
g27.t1	g182047.t1	85.1	154	23	0	1	154	35	188	7.99e-92	267
g27.t1	g210265.t1	86.2	152	21	0	3	154	7	158	8.31e-92	266
g27.t1	g99417.t1	83.8	154	25	0	1	154	64	217	8.84e-92	267
g27.t1	g21280.t1	86.4	154	21	0	1	154	171	324	8.86e-92	272
g27.t1	g2029.t1	83.8	154	25	0	1	154	37	190	9.85e-92	266
g27.t1	g199777.t1	86.4	154	21	0	1	154	50	203	1.06e-91	266
g31.t1	g31.t1	100	120	0	0	1	120	1	120	2.47e-47	149
g32.t1	g32.t1	100	70	0	0	1	70	1	70	9.77e-47	144
g32.t1	g240359.t1	96.9	65	2	0	6	70	1	65	2.07e-41	130
g32.t1	g35515.t1	95.5	66	3	0	5	70	14	79	2.05e-40	130
g32.t1	g32228.t1	95.1	61	3	0	6	66	1	61	3.17e-37	119
g32.t1	g215705.t1	90.3	62	6	0	5	66	2	63	6.36e-36	116
g32.t1	g160781.t1	96.6	59	2	0	12	70	1	59	1.26e-35	117
g34.t1	g34.t1	100	119	0	0	1	119	1	119	1.78e-85	245
g34.t1	g22670.t1	93.3	119	8	0	1	119	32	150	5.35e-78	229
g34.t1	g216233.t1	94.7	113	6	0	1	113	81	193	2.05e-75	223
g34.t1	g233519.t1	89.9	119	12	0	1	119	24	142	1.27e-74	219
g34.t1	g252890.t1	94.7	113	6	0	1	113	31	143	2.65e-74	218
g34.t1	g89938.t1	93.8	113	7	0	1	113	54	166	5.67e-74	218
g34.t1	g3151.t1	95.5	110	5	0	1	110	10	119	2.00e-73	215
g34.t1	g40536.t1	89.9	119	12	0	1	119	145	263	4.47e-73	221
g34.t1	g169608.t1	95.5	111	5	0	1	111	68	178	6.90e-73	216
g34.t1	g93259.t1	91.1	112	10	0	8	119	1	112	1.39e-72	214
g34.t1	g6061.t1	94.4	107	6	0	1	107	56	162	1.64e-70	209
g34.t1	g195511.t1	86.6	119	16	0	1	119	187	305	4.58e-70	214
g34.t1	g27128.t1	86.6	119	16	0	1	119	120	238	1.08e-68	209
g34.t1	g126202.t1	84.0	119	19	0	1	119	131	249	3.60e-68	207
g34.t1	g201635.t1	89.4	113	12	0	1	113	145	257	3.10e-67	204
g34.t1	g202699.t1	95.1	103	5	0	1	103	24	126	3.16e-67	199
g34.t1	g145228.t1	86.0	114	16	0	1	114	71	184	8.25e-67	201
g34.t1	g17629.t1	87.0	115	15	0	1	115	212	326	1.14e-66	207
g34.t1	g225709.t1	89.8	108	11	0	1	108	24	131	1.51e-66	198
g34.t1	g32894.t1	90.7	108	10	0	1	108	145	252	6.17e-66	201
g34.t1	g220572.t1	84.0	119	19	0	1	119	125	243	1.86e-64	198
g34.t1	g167998.t1	82.6	115	20	0	1	115	60	174	7.28e-64	193
g34.t1	g202690.t1	87.0	108	14	0	1	108	55	162	4.60e-63	190
g34.t1	g176139.t1	92.9	98	7	0	11	108	1	98	6.88e-63	187
g34.t1	g115505.t1	82.6	115	20	0	1	115	7	121	6.67e-62	187
g34.t1	g92382.t1	84.5	110	17	0	6	115	1	110	6.87e-62	187
g34.t1	g149160.t1	79.0	119	25	0	1	119	118	236	1.64e-61	196
g34.t1	g140260.t1	79.1	115	24	0	1	115	145	259	1.72e-60	188
g34.t1	g174651.t1	83.2	113	19	0	1	113	116	228	1.72e-60	186
g34.t1	g131825.t1	92.6	95	7	0	21	115	1	95	4.33e-60	181
g34.t1	g32852.t1	79.1	115	24	0	1	115	24	138	5.55e-59	180
g34.t1	g22953.t1	91.5	94	8	0	20	113	1	94	3.24e-58	176
g34.t1	g12880.t1	89.2	102	11	0	1	102	199	300	4.60e-58	182
g34.t1	g228846.t1	77.4	115	26	0	1	115	73	187	4.64e-58	179
g34.t1	g97051.t1	80.0	115	23	0	1	115	37	151	1.24e-57	186
g34.t1	g206014.t1	89.1	101	11	0	1	101	90	190	2.35e-57	177
g34.t1	g129761.t1	94.5	91	5	0	29	119	1	91	2.80e-57	174
g34.t1	g183112.t1	92.6	95	7	0	1	95	91	185	4.06e-57	176
g34.t1	g99825.t1	93.3	90	6	0	30	119	1	90	7.52e-57	173
g34.t1	g199181.t1	84.8	105	16	0	1	105	135	239	1.75e-56	177
g34.t1	g164561.t1	90.4	94	9	0	1	94	54	147	4.06e-56	172
g34.t1	g92969.t1	87.3	102	13	0	12	113	1	102	2.03e-55	179
g34.t1	g1544.t1	92.4	92	7	0	1	92	64	155	7.76e-54	167
g34.t1	g146265.t1	90.2	92	9	0	1	92	113	204	1.05e-51	163
g34.t1	g228075.t1	77.7	103	23	0	13	115	149	251	5.96e-51	163
g34.t1	g174275.t1	88.0	92	11	0	1	92	24	115	9.96e-51	157
g34.t1	g231689.t1	90.2	92	6	1	1	92	73	161	1.46e-50	159
g34.t1	g195893.t1	72.3	119	12	1	1	119	163	260	1.39e-49	160
g34.t1	g20649.t1	85.6	97	14	0	1	97	147	243	1.56e-49	159
g34.t1	g28153.t1	72.6	113	10	1	1	113	120	211	3.46e-49	157
g34.t1	g45275.t1	80.6	93	18	0	23	115	1	93	2.75e-45	149
g34.t1	g38703.t1	67.5	114	31	3	1	114	90	197	3.03e-43	141
g34.t1	g114097.t1	62.2	119	39	3	1	119	23	135	5.88e-42	138
g34.t1	g182140.t1	73.5	98	26	0	1	98	125	222	6.07e-42	139
g34.t1	g95764.t1	64.6	113	34	3	1	113	4	110	1.06e-41	134
g34.t1	g72046.t1	61.1	113	38	2	1	113	134	240	2.02e-38	130
g34.t1	g57773.t1	75.3	93	23	0	27	119	48	140	3.40e-38	137
g34.t1	g131119.t1	63.8	116	21	1	1	116	37	131	5.76e-38	134
g34.t1	g50549.t1	62.0	108	38	2	1	107	160	265	1.21e-36	126
g34.t1	g249659.t1	61.7	115	23	1	1	115	73	166	7.76e-36	123
g34.t1	g87893.t1	70.7	92	27	0	1	92	125	216	4.66e-33	116
g34.t1	g207191.t1	62.8	94	29	3	22	115	1	88	1.22e-30	106
g34.t1	g101559.t1	51.7	116	13	1	1	116	37	109	3.89e-28	103
g34.t1	g132695.t1	59.2	103	34	3	17	119	57	151	8.15e-28	107
g34.t1	g13189.t1	54.0	113	31	1	1	113	145	236	3.42e-26	99.0
g36.t1	g36.t1	100	99	0	0	1	99	1	99	2.19e-72	211
g37.t1	g37.t1	100	123	0	0	1	123	1	123	1.33e-91	261
g38.t1	g38.t1	100	93	0	0	1	93	1	93	1.37e-61	183
g38.t1	g189100.t1	95.7	93	4	0	1	93	5	97	5.02e-58	174
g38.t1	g176475.t1	90.3	93	9	0	1	93	1	93	2.03e-54	165
g38.t1	g40053.t1	87.1	93	12	0	1	93	1	93	4.11e-54	164
g38.t1	g164479.t1	88.2	93	11	0	1	93	1	93	5.84e-54	164
g38.t1	g40054.t1	87.1	93	12	0	1	93	1	93	1.67e-53	162
g38.t1	g35352.t1	88.2	93	11	0	1	93	1	93	4.80e-53	161
g38.t1	g137233.t1	83.9	93	15	0	1	93	1	93	4.62e-51	156
g38.t1	g206401.t1	84.9	93	14	0	1	93	1	93	1.32e-50	155
g38.t1	g238081.t1	92.9	84	6	0	1	84	1	84	5.85e-50	153
g38.t1	g58792.t1	85.9	92	13	0	1	92	1	92	1.09e-49	153
g38.t1	g100267.t1	87.5	88	11	0	6	93	1	88	1.56e-48	150
g38.t1	g6426.t1	84.9	93	14	0	1	93	1	93	2.57e-48	149
g38.t1	g230462.t1	80.4	92	18	0	1	92	1	92	4.14e-47	146
g38.t1	g22386.t1	89.0	82	9	0	12	93	1	82	1.03e-45	142
g38.t1	g108112.t1	81.7	93	17	0	1	93	1	93	3.23e-44	145
g38.t1	g3908.t1	81.1	90	17	0	4	93	1	90	1.25e-43	137
g38.t1	g75586.t1	81.2	85	16	0	1	85	1	85	1.31e-42	135
g38.t1	g160023.t1	90.0	70	7	0	12	81	1	70	2.80e-38	124
g38.t1	g112029.t1	79.5	73	15	0	1	73	1	73	8.99e-35	115
g38.t1	g134305.t1	65.6	96	29	1	1	92	1	96	5.65e-33	111
g38.t1	g201179.t1	64.6	96	29	2	1	92	1	95	3.68e-31	106
g38.t1	g222719.t1	65.3	95	29	2	1	93	1	93	4.28e-31	106
g38.t1	g124425.t1	63.5	96	31	1	1	92	1	96	5.38e-31	106
g38.t1	g75673.t1	72.2	79	18	1	18	92	18	96	7.64e-31	105
g38.t1	g203417.t1	62.5	96	32	1	1	92	1	96	7.64e-31	105
g38.t1	g121797.t1	71.4	77	18	1	20	92	1	77	1.08e-30	105
g38.t1	g126930.t1	63.5	96	31	1	1	92	1	96	3.38e-30	104
g38.t1	g182815.t1	72.6	73	20	0	1	73	1	73	1.36e-29	102
g38.t1	g15464.t1	62.9	97	31	2	1	92	1	97	3.31e-29	101
g38.t1	g62187.t1	70.9	79	19	1	19	93	108	186	5.24e-29	104
g38.t1	g229323.t1	62.5	96	32	1	1	92	1	96	1.27e-28	100
g38.t1	g150073.t1	70.7	75	18	1	22	92	59	133	3.25e-28	100
g38.t1	g249622.t1	59.4	96	35	1	1	92	1	96	8.42e-28	98.2
g38.t1	g254088.t1	61.8	89	30	1	1	85	1	89	2.34e-27	97.1
g38.t1	g243739.t1	69.2	78	20	1	19	92	19	96	2.41e-27	97.1
g38.t1	g234558.t1	58.3	96	36	1	1	92	1	96	1.39e-26	95.1
g38.t1	g3075.t1	61.8	89	30	1	1	85	1	89	1.86e-26	94.7
g38.t1	g9548.t1	66.7	75	25	0	1	75	1	75	1.86e-26	94.7
g38.t1	g6301.t1	58.8	97	36	1	1	93	1	97	3.49e-26	94.4
g38.t1	g57427.t1	57.3	96	37	1	1	92	1	96	3.96e-26	94.0
g38.t1	g48968.t1	61.8	89	30	1	1	85	1	89	6.53e-26	94.0
g38.t1	g119523.t1	67.1	79	21	2	19	92	18	96	7.98e-26	93.2
g39.t1	g39.t1	100	48	0	0	1	48	1	48	1.12e-29	99.4
g39.t1	g218511.t1	95.8	48	2	0	1	48	12	59	4.90e-28	95.5
g39.t1	g199016.t1	95.8	48	2	0	1	48	18	65	5.72e-28	95.5
g39.t1	g6286.t1	95.8	48	2	0	1	48	35	82	9.06e-28	95.5
g39.t1	g1609.t1	93.8	48	3	0	1	48	18	65	2.33e-27	94.0
g39.t1	g94919.t1	95.7	47	2	0	2	48	1	47	3.03e-27	93.2
g39.t1	g1608.t1	93.8	48	3	0	1	48	19	66	3.40e-27	93.6
g39.t1	g202079.t1	93.8	48	3	0	1	48	19	66	4.84e-27	93.2
g39.t1	g51086.t1	93.6	47	3	0	1	47	13	59	5.89e-27	92.8
g39.t1	g249155.t1	93.8	48	3	0	1	48	14	61	8.58e-27	92.4
g39.t1	g159704.t1	93.8	48	3	0	1	48	23	70	1.54e-26	92.0
g39.t1	g244146.t1	91.7	48	4	0	1	48	15	62	1.78e-26	91.7
g39.t1	g229907.t1	93.8	48	3	0	1	48	19	66	2.80e-26	91.3
g39.t1	g125964.t1	93.8	48	3	0	1	48	71	118	2.87e-26	92.8
g39.t1	g240608.t1	93.8	48	3	0	1	48	21	68	2.96e-26	91.3
g39.t1	g106256.t1	91.7	48	4	0	1	48	19	66	5.66e-26	90.5
g40.t1	g40.t1	100	74	0	0	1	74	1	74	3.90e-39	125
g40.t1	g234291.t1	81.1	74	14	0	1	74	18	91	2.29e-32	108
g40.t1	g90852.t1	82.2	73	13	0	1	73	23	95	2.57e-32	108
g40.t1	g48623.t1	87.8	74	9	0	1	74	23	96	2.64e-32	108
g40.t1	g213487.t1	89.2	74	8	0	1	74	1	74	2.86e-32	107
g40.t1	g99875.t1	85.1	74	11	0	1	74	23	96	5.94e-29	100
g40.t1	g228551.t1	74.3	74	19	0	1	74	37	110	5.09e-28	98.2
g41.t1	g41.t1	100	122	0	0	1	122	1	122	2.06e-81	235
g42.t1	g42.t1	100	736	0	0	1	736	1	736	0.0	1527
g43.t1	g43.t1	100	100	0	0	1	100	1	100	7.62e-69	202
g43.t1	g139801.t1	88.0	100	12	0	1	100	11	110	1.32e-56	172
g43.t1	g17790.t1	89.4	94	10	0	1	94	11	104	1.15e-52	166
g43.t1	g225339.t1	55.3	161	11	1	1	100	11	171	5.37e-47	149
g43.t1	g8214.t1	68.0	122	17	1	1	100	11	132	2.45e-46	149
g43.t1	g105915.t1	84.3	83	13	0	1	83	11	93	8.72e-45	142
g43.t1	g17777.t1	52.2	161	16	1	1	100	6	166	4.74e-44	142
g43.t1	g214312.t1	67.5	114	17	1	7	100	1	114	3.13e-43	138
g43.t1	g65214.t1	74.0	100	25	1	1	100	11	109	6.69e-43	139
g43.t1	g222790.t1	59.6	136	19	1	1	100	11	146	1.56e-42	140
g43.t1	g125390.t1	50.9	161	18	1	1	100	11	171	5.28e-42	138
g43.t1	g125214.t1	50.3	161	19	1	1	100	11	171	7.01e-40	131
g43.t1	g156890.t1	69.0	100	7	1	1	100	11	86	5.95e-37	121
g43.t1	g239562.t1	47.8	161	23	1	1	100	11	171	2.87e-36	123
g43.t1	g27698.t1	58.6	116	12	2	1	80	11	126	4.92e-36	120
g43.t1	g33559.t1	68.0	100	8	1	1	100	133	208	5.24e-36	123
g43.t1	g164814.t1	58.2	122	26	2	1	100	7	125	1.33e-35	119
g43.t1	g92379.t1	59.3	118	8	2	1	82	11	124	2.80e-35	119
g43.t1	g106994.t1	46.6	161	25	1	1	100	11	171	1.58e-34	119
g43.t1	g241016.t1	48.1	156	20	1	1	95	11	166	1.80e-34	117
g43.t1	g134307.t1	46.6	161	25	1	1	100	11	171	3.32e-34	118
g43.t1	g236477.t1	46.6	161	25	1	1	100	11	171	1.43e-33	115
g43.t1	g56928.t1	47.0	151	19	1	1	90	11	161	2.06e-32	112
g43.t1	g205841.t1	49.7	143	11	2	1	82	11	153	7.12e-32	112
g43.t1	g198895.t1	47.0	151	19	1	1	90	11	161	8.48e-32	112
g43.t1	g176400.t1	46.5	144	16	1	1	83	11	154	2.36e-29	109
g43.t1	g206983.t1	62.6	91	33	1	11	100	11	101	2.78e-28	101
g43.t1	g130906.t1	70.7	82	23	1	20	100	21	102	1.64e-27	104
g43.t1	g70816.t1	44.2	138	16	1	13	89	1	138	1.06e-26	97.1
g43.t1	g151457.t1	65.4	81	27	1	20	99	340	420	7.97e-26	100
g44.t1	g44.t1	100	136	0	0	1	136	1	136	7.11e-66	197
g44.t1	g251449.t1	52.3	111	16	1	20	130	2	75	4.69e-28	100
g44.t1	g142130.t1	61.4	127	44	1	2	128	44	165	3.33e-26	97.8
g45.t1	g45.t1	100	213	0	0	1	213	1	213	3.37e-156	432
g45.t1	g221870.t1	52.6	211	42	3	24	213	27	200	1.27e-54	174
g45.t1	g186660.t1	45.2	239	55	4	1	213	222	410	1.26e-43	152
g45.t1	g122597.t1	48.8	217	79	6	24	213	30	241	5.85e-43	145
g45.t1	g253382.t1	48.5	198	42	7	31	212	65	218	6.33e-35	126
g45.t1	g31026.t1	44.1	204	89	5	12	203	63	253	1.16e-33	122
g45.t1	g32467.t1	43.6	181	77	6	35	213	42	199	9.98e-27	102
g47.t1	g47.t1	100	135	0	0	1	135	1	135	1.33e-90	259
g48.t1	g48.t1	100	143	0	0	1	143	1	143	2.08e-100	285
g48.t1	g90429.t1	96.3	108	4	0	36	143	1	108	1.27e-67	204
g48.t1	g165562.t1	65.0	143	50	0	1	143	389	531	5.10e-58	190
